Assets,Optimal Weight
CL=F,9.587908059647627e-13
GC=F,0.34166267686624224
^FTSE,7.553680711315548e-13
^GSPC,0.30623350158407503
^NSEI,0.3521038215479686
