Metrics,Value
Expected Return,0.1172274318339479
Expected Volatility,0.10794172659069477
Sharpe Ratio,0.6228122706325443
